title,price,itemWebUrl,sellerUsername,condition,itemLocation,categoryPath,buyingOptions,searchKeyword
KTM Racing (Embroidered Iron on patch) Motorcycle / Dirt Bike,3.99,https://www.ebay.com/itm/168424788691?_skw=KTM&hash=item2736e652d3:g:2LEAAOSwLdZnR9oM,areasixxtyone,New,"926**, US",Patches > Crafts > Sewing > Embellishments & Finishes,FIXED_PRICE,KTM
"OBD2 Adapter Fit for KTM 6 Pin to 16Pin Motorcycle Diagnostic Cable,Fit for KTM",13.99,https://www.ebay.com/itm/137150796412?_skw=KTM&hash=item1feed3127c:g:wQIAAeSwbKlpvTuV&amdata=enc%3AAQALAAAA4ACCtXRWQnOEpyOqnQQ8KGYhjF3dIpMOeeu7wsXuonRlwXI01Z9SePa68wcpgOmj8F58bnts6XHd5JGUJ%2B880wazU78yEOgwubjempnaep0%2FAs5mtXB%2Bd3WzFQ9P8KzrNuBrjlbWXgzZON2wgOFHBDWi13X6IBus%2FNPDWxeGs5%2BaFR1nL0%2BbPH%2BPeXyXm6mgNZpX%2BO4pzNuWPRQsz8WCak1qsxx4SosWgFYquyecwIJCwlrCoyDGep3EGskdrLvOK9D%2F1P0ipbw833d2YsiKfuvy%2BCCaJs%2B6cw10AG4fFCZj,juyingxiang,New,"410**, US",Other Vehicle Electronics > Consumer Electronics > Vehicle Electronics & GPS,FIXED_PRICE,KTM
Kick starter Start Lever For KTM EXC125 EXC200 SX 125 144 150 200 XC150 XCW200,35.01,https://www.ebay.com/itm/397849391420?_skw=KTM&hash=item5ca1abf13c:g:iYYAAeSw3y9p4eWG&amdata=enc%3AAQALAAAA4ACCtXRWQnOEpyOqnQQ8KGa76T6v%2FIEydTpnuiLWaA047NRGgzo4nZxepMp7AfHLTCmW%2FQ2Ckb0nmij6GCynkggNLpyrp1EA2dhN2WqxWvsHaA0TZCNjwk%2FqIthf8k2apYlrJJmkja1d56AUui%2Btzvq6zsKzqbagyjpdilvhJaPGapE61gV98Z8mYdtsrkvliDAQneaE2wtxBAB8RNgVDeFV5n5h86Ot9u%2Fy4sKD1ZNj66UmFCKD0yCLysBLTSMaFBreLeJpYZVlCfSzczw5KnTnpQlYUbUyYvm--yUm8s0Y,suliparts,New,"917**, US",Parts & Accessories > Sporting Goods > Scooters > Outdoor Sports,FIXED_PRICE,KTM
"Engine Gasket Seal Kit Compatible with KTM Duke 390 RC 390 Dominar 400, Clutch C",59.98,https://www.ebay.com/itm/397892792668?_skw=KTM&hash=item5ca442315c:g:G0oAAeSw~9Bp8YO3&amdata=enc%3AAQALAAAA4ACCtXRWQnOEpyOqnQQ8KGZkTeckXDqNWNMcOkpaM%2FaKrjo8BefV57AeSb7IvRkM98R6cD2T47jSkwdtyiuctfAjMrMdNtFWO4IjlvguMzSJFbEzhXyu7JtjczxOfrUwqp%2FDdeptdXcQ5UMJVOqlYzM4Cye8UsSFfAeXAOb%2B2ZcDDIK4Z1R4Mf3qmLXeam5QsANHuby85odIcj5kABZIz7%2FUErEwbP%2FZ571JlucmKd7FHEUUW6ErgK2mritWJ93K8rjEWlmsmSQuT%2FA6QR5QoJf1q6Aj9VZ6FptHqEER7aFQ,giftale,New,"752**, US",Car & Truck Racks > Sporting Goods > Cycling,FIXED_PRICE,KTM
"RedBull KTM Grid Ceramic Mug, Navy, 3RB250042100",14.99,https://www.ebay.com/itm/306978952175?_skw=KTM&hash=item47795f13ef:g:DJ8AAeSwhe1qHzh9,jorgensenpowersports,New,"847**, US","Glassware & Drinkware > Home & Garden > Kitchen, Dining & Bar",FIXED_PRICE,KTM
‘11-‘25 KTM 350 SX-F ProX Piston Kit Size B 87.97mm Piston Comp 13.5:1 01.6353.B,189.99,https://www.ebay.com/itm/187468013401?_skw=KTM&hash=item2ba5f6df59:g:GbUAAeSwHIBok2xt,joshbillbuneenterprises,New,"553**, US",Every Other Thing > Everything Else,FIXED_PRICE,KTM
"KTM Team Tee Men's T-Shirt, Orange/Black Casual Racing Fan Wear Size: S-3X",34.99,https://www.ebay.com/itm/178019623440?_skw=KTM&hash=item2972cbe210:g:msYAAeSwlBhp0CDb,mypowersports_com,New with tags,"347**, US","Activewear Tops > Men's Clothing > Clothing, Shoes & Accessories > Activewear > Men",FIXED_PRICE,KTM
KTM TEAM CIRCUIT BACKPACK 3PW240001300 NEW SHIPS FAST,109.99,https://www.ebay.com/itm/326997564926?_skw=KTM&hash=item4c2292ddfe:g:SgwAAeSwxvxpjO~h,delandmotorsports,New,"327**, US","Racing-Other > Fan Apparel & Souvenirs > Sports Mem, Cards & Fan Shop","FIXED_PRICE,BEST_OFFER",KTM
"KTM embroidered  key chain, for motorcycles, dirt bikes, Orange, Black, Silver",4.95,https://www.ebay.com/itm/202466251597?_skw=KTM&hash=item2f23edd34d:g:5lAAAOSwa6JbvsOr,parka_power,New without tags,"T3K***, CA","Key Chains, Rings & Cases > Men's Accessories > Clothing, Shoes & Accessories > Men",FIXED_PRICE,KTM
"KTM RC16 #33 BINDER MOTOGP ""RED BULL RACING"" 1/18 MOTORCYCLE BY MAISTO 34393",13.77,https://www.ebay.com/itm/136836685907?_skw=KTM&hash=item1fdc1a2053:g:IEQAAeSwaXJpOv~Z,wholesale_diecast_models,New,"900**, US",Contemporary Manufacture > Toys & Hobbies > Diecast & Toy Vehicles > Motorcycles & ATVs,FIXED_PRICE,KTM
Separate Start Stop Kill Switch Kit For KTM Husqvarna GasGas 2023-Up,90.00,https://www.ebay.com/itm/167926210787?_skw=KTM&hash=item27192ea0e3:g:ctkAAeSw-8VpFf2j,yuto-parts,New,US,Gas Scooters > Sporting Goods > Scooters > Outdoor Sports,"FIXED_PRICE,BEST_OFFER",KTM
Personalized KTM Red B**lRacing Long Sleeve Shirt For Motorcycle Riders,29.99,https://www.ebay.com/itm/127826065383?_skw=KTM&hash=item1dc306f7e7:g:32AAAeSwK4lp6jIE,krisull-3319,New with tags,"775**, US","Hoodies & Sweatshirts > Men's Clothing > Clothing, Shoes & Accessories > Activewear > Men",FIXED_PRICE,KTM
"KTM oil change kit for 690 cc, 1.7L motorex oil and 2 filters",64.99,https://www.ebay.com/itm/406812163714?_skw=KTM&hash=item5eb7e4fe82:g:1EIAAeSwPMBpyUeZ,foxridinggear,New,"495**, US",Decals & Stickers > Collectibles > Transportation > Automobilia,FIXED_PRICE,KTM
KTM Toolbox Pen Holder – Tool Box Organizer for Desk,28.95,https://www.ebay.com/itm/236737359701?_skw=KTM&hash=item371ea56f55:g:hr0AAeSwgyhp0ckf&amdata=enc%3AAQALAAAA4ACCtXRWQnOEpyOqnQQ8KGYpSCXzRw7AfClnsCBoZZ86rt%2FcxwZftUxa3fpkUeu%2FTq0biUKzGEhib8eU7XHYg7BFtnZp3hVbzoCfmVv3g%2BItGurLuSiBDtPWx3XcwNwGKCUmB4oO3%2FoIl023phWlxlbgsPJLDVLBSwd1GMm5TqxMzHoCDo9oksEbWYTW8xbsls7xobZ4n1gWoCx7wWTr3C049%2BIu7%2BtZ76Q3gchSNuk7l5Ojidka57Dg5dVLCgi6nLX5zqc93DTdBNaBM083f4Y6lkKSTL9Kmmz3D7vUGgJ6,angry3d,New,"225**, US",Tool Boxes > Tools & Workshop Equipment > Home & Garden > Tool Boxes & Storage,FIXED_PRICE,KTM
For KTM Motorcycle Auto Diagnostic Scanner Tool 6Pin To 16Pin OBD2 Adapter Cable,14.50,https://www.ebay.com/itm/389836043827?_skw=KTM&hash=item5ac409f633:g:YdUAAeSwPHhpznf2&amdata=enc%3AAQALAAAA4ACCtXRWQnOEpyOqnQQ8KGa0shGWMBri9IDF2jpNKzCVwZFmqzmTMXyKuP6LfVMj57qlb9qb48fGRo6KsDyINmQQ2vDPB2XynrFxyYInQbbwKqSzM1GT%2BFWd3aH20bgJ%2BTVZTmRBuN%2B%2BnfOW0IOcUKm53efCEMn8BsJ6JNj6lTKIxit1dOWXz71UZdKMb7s7FOZOQclSD3ryzVOOTHG9p5FRDpOrd49nbLlLloLZ48T4nr0sNSaUv5pRC7nkwaYJJpNLJ1Elnz1uvpJEMBe2Z04WMw2P1huDO3M3XWwM07Ip,premium-_58,New,"410**, US",Other Vehicle Electronics > Consumer Electronics > Vehicle Electronics & GPS,"FIXED_PRICE,BEST_OFFER",KTM
2024 Motorcycle Ignition Coil High Pressure Coil Compatible with KTM Compatible,40.01,https://www.ebay.com/itm/800041123535?_skw=KTM&hash=itemba462abecf:g:xZEAAeSw-jZqDJt3&amdata=enc%3AAQALAAAA4ACCtXRWQnOEpyOqnQQ8KGaSaDt3B6VrxVjvtIrYvDd8shLV8FA33oaAaFJQtd5CQBunNhrvFrropuqwYer50nNFq1LmsHQg2fnIyd5I7MMjjSfgqVF5aGEMgE9agQeMVMnKuS6IN3U22yWJiNeerwHK7RHtlviw4xfz9aB%2Bievo3M06mmBZX5oqAzXS7u8ULQmZsSBNLOB0Urnl%2FTh9%2BeIG%2FYStS1dWOnpt0y%2Fct27AvFjs5EcNnaMfxxhCcZKbtYTDcpNeWsTvQe9810jHGKfZb1xXIefxsYo6JLXWnRdg,texanit,New,"752**, US",Car & Truck Racks > Sporting Goods > Cycling,FIXED_PRICE,KTM
"Genuine KTM Swing Arm Protection Kit, Black, 7720499410030",52.99,https://www.ebay.com/itm/406812163492?_skw=KTM&hash=item5eb7e4fda4:g:jH0AAeSwEOBpyUeV,foxridinggear,New,"495**, US",Other American Auto Catalogs > Collectibles > Transportation > Automobilia > Brochures & Catalogs > American Vehicles,FIXED_PRICE,KTM
Starter Motor KTM Motorcycle 200 250 300 EXC XC XCW 55140001100 410 Watt,91.99,https://www.ebay.com/itm/124664356268?_skw=KTM&hash=item1d06931dac:g:b~QAAOSwrLxgZxYX,1starteralternator,New,"114**, US",Other Forklift Parts & Accessories > Business & Industrial > Material Handling > Warehouse Loading & Unloading > Warehouse Forklift Parts & Accessories,"FIXED_PRICE,BEST_OFFER",KTM
KTM Motorcycle Logo Flag Banner 3x5 ft Mancave Garage Flag MX/SX,14.50,https://www.ebay.com/itm/185259290913?_skw=KTM&hash=item2b22507121:g:UjwAAOSwXUliqjnC,cave-o-rama,New without tags,"070**, US","Flags > Home & Garden > Décor > Yard, Garden & Outdoor Living",FIXED_PRICE,KTM
"KTM REDBULL AARON PLESSINGER COWBOY HAT - EXTRA LARGE, 61cm - 3RB250047804",69.99,https://www.ebay.com/itm/267318131499?_skw=KTM&hash=item3e3d66fb2b:g:CR8AAeSwIedobVsh,poweryamaha,New with tags,"973**, US","Hats > Men's Accessories > Clothing, Shoes & Accessories > Men",FIXED_PRICE,KTM
FUEL PUMP ASSEMBLY REPLACE 78107088600 For KTM EXC-F 250 350 450 2012-2020,40.79,https://www.ebay.com/itm/397842446106?_skw=KTM&hash=item5ca141f71a:g:VSYAAeSwXlVpgGf8,longxi-autoparts,New,"085**, US",Clothespins > Crafts > Multi-Purpose Craft Supplies > Crafting Pieces,"FIXED_PRICE,BEST_OFFER",KTM
"Red Bull KTM Factory Racing Motorsports Energy Drink Iron On Patch 2"" x 2.75""",6.99,https://www.ebay.com/itm/227153803837?_skw=KTM&hash=item34e36bfa3d:g:IX0AAeSwvftpVKIU,big_bear_trading,New,"750**, US",Patches > Crafts > Sewing > Embellishments & Finishes,FIXED_PRICE,KTM
KTM Kids Logo Cap Orange Mesh Snapback AdjustableFlexfit 110 - 3PW250018900,24.99,https://www.ebay.com/itm/178027710329?_skw=KTM&hash=item2973474779:g:31cAAeSwVuJp07dR,mypowersports_com,New with tags,"347**, US","Hats > Clothing, Shoes & Accessories > Boys' Accessories > Kids > Boys",FIXED_PRICE,KTM
Motorcycle Fork Tube Seal Driver 14mm-60mm KTM Husqvarna Harley Tusk Suzuki,19.59,https://www.ebay.com/itm/275497919705?_skw=KTM&hash=item4024f4a4d9:g:gukAAOSwCX5oCOLO,gillstek_industries,New,"442**, US",Tools > Sporting Goods > Cycling > Bicycle Maintenance & Tools,FIXED_PRICE,KTM
1:12 NEW COMPLETELY OUT OF PRODUCTION OFFICIAL KTM RC16 BRAD BINDER #33 RED BULL,22.99,https://www.ebay.com/itm/277956956060?_skw=KTM&hash=item40b7868f9c:g:sRoAAeSwZ3hpcp~f,bestdealz-com,New,"349**, US",Contemporary Manufacture > Toys & Hobbies > Diecast & Toy Vehicles > Motorcycles & ATVs,"FIXED_PRICE,BEST_OFFER",KTM
"KTM Ready to Race T-shirt Black Unisex racing fan gift, Men's Shirt S-5XL",18.99,https://www.ebay.com/itm/406673584987?_skw=KTM&hash=item5eafa2735b:g:tOMAAOSwUq5n88-j,do545924,New with tags,US,"T-Shirts > Men's Clothing > Clothing, Shoes & Accessories > Shirts > Men",FIXED_PRICE,KTM
"OBD2 Adapter Fit for KTM 6 Pin to 16Pin Motorcycle Diagnostic Cable,Fit for KTM ",30.02,https://www.ebay.com/itm/365848918502?_skw=KTM&hash=item552e4b79e6:g:ckMAAeSwUQ9ovJ9C,stcstore73,New,"900**, US",Other Vehicle Electronics > Consumer Electronics > Vehicle Electronics & GPS,FIXED_PRICE,KTM
"KTM Racing Orange & Black Embroidered Iron On Patch 3.75"" x 1.5""",6.99,https://www.ebay.com/itm/355983811856?_skw=KTM&hash=item52e249e510:g:ddkAAOSw21ZmysXW,big_bear_trading,New,"750**, US",Patches > Crafts > Sewing > Embellishments & Finishes,FIXED_PRICE,KTM
Fuel Injector Compatible with KTM FE450 2017-2019 FC250 2016-2022 450 Exc Sxf 79,43.58,https://www.ebay.com/itm/397895906457?_skw=KTM&hash=item5ca471b499:g:BW8AAeSwiY5p8YOi&amdata=enc%3AAQALAAAA4ACCtXRWQnOEpyOqnQQ8KGa2hyz6avwLeSFX0rG6U6FS1J4yBX4beZdZu6oWcNwH%2BSIsg48spw1PRZH9tdhNQd7hagjBU8ZV35LMjpwtepdm%2Fd1lF6PyTKRo63bcl9ZxQN6L9j4rwATi8IjFhFcyCpKbJuRmSg%2BryYcRmRXPqM8QVea0Txty0unVNx9RGui2Xfd6NCGPdg3AxbIjc5%2BYfIRrImwbJwrDwdd8OmVzZOAtLS87UdfKKLUjELbcCZFvRE3rcJ8P5GyNNkpDIRnYsm7jK8Pz7TY50q%2Fui9BfhzIj,giftale,New,"752**, US",Accents & Trim > Building & Hardware > Home & Garden > Home Improvement > Molding & Millwork,FIXED_PRICE,KTM
Motorcycle Swingarm Guard Protector For KTM 2012-2021 2022 EXC EXCF XCW XCFW 150,26.33,https://www.ebay.com/itm/388393637747?_skw=KTM&hash=item5a6e109773:g:W70AAOSwkvpnCDS0&amdata=enc%3AAQALAAAA4ACCtXRWQnOEpyOqnQQ8KGZ4Iniw0eNA%2BeWcruQx3hNz8L1ouMQsAEWfbiluuLfS%2FR%2FaQSFfwD3QalE15vnOCBqUKDzg9IFfd1JaRTn4EeY%2Fdq3Q9%2BOMPtlHdSUO8BHCrtnTyn3heWmVwAP42t8stvRK1TStHxPONAVtDYLH%2BWxOe%2BWLkFeyaAjnQiOCvOiHKk%2FPl4s43KCRA0yg8eTsVP2bym4jbm33puf7BPVIM6qgkbEqPiRuPwNK%2Fe35rrOlUfVkJbRQjVbxAqf88j%2BmqAdWS8%2BRmD%2FZdcUDT%2BqntJLQ,nexshop_gb0,New,"314**, US","Card Display Cases & Stands > Sports Trading Cards > Sports Mem, Cards & Fan Shop > Storage & Display Supplies",FIXED_PRICE,KTM
Motorcycle Front or Rear Brake Oil Hose For KTM 125 150 250 300 350 450 500 XCW,24.39,https://www.ebay.com/itm/388393637403?_skw=KTM&hash=item5a6e10961b:g:850AAOSwTgRnCDSp&amdata=enc%3AAQALAAAA4ACCtXRWQnOEpyOqnQQ8KGYna5lGjU1l7JN1jigDHhCrtd5s8OME8Q2mWdh186CRZz%2FtCk1dVg%2FygeUsvf6%2BhFyLGCFh%2Fe91QpvmYBA6T%2BvtH0Cj9JL%2BWSKJiftz08lr4S91U9cE2UuzyIo3EVuIV62ndMyJFWKo0trEcatNVz2JvQzo8SAp2l0F4q3o8f2Q3Qf0bZqnFyGfZbdBN%2FIxRqTGwTbEnsYD6UPzTcMyNlCTCTvhRSt5Id5vyBvTOMGy4sL7HE4wpDMMl9LGblffWoXnjzCR7RxrXCWp%2BKSarshz,nexshop_gb0,New,"314**, US",Brakes > Sporting Goods > Cycling > Bicycle Components & Parts,FIXED_PRICE,KTM
KTM Motorcycle Die Cut,26.50,https://www.ebay.com/itm/256721018431?_skw=KTM&hash=item3bc5c3de3f:g:G8wAAeSwGTpp9CzN&amdata=enc%3AAQALAAAA4ACCtXRWQnOEpyOqnQQ8KGbtCyKtlfjxaaV0XuVHSmUfJwyamBcUuh1DpGOURbdsXEeRNI4hMg7GgT5vqedAbWXExt51OMT1skAXysyUBCHmu2O%2F%2ByOM5WH3v%2BKOSWqjqaVNXtub1ArR71e8qVzjvom6iNy2W5efThH2uOTq7K4VlitjP5PCBu%2BVMtP9Puzn1ALmJt6tLRzxnVKFECiMfSntLqfo6CeUPQ1n5c4gnqVSdb6tOF3G2GPvFfcvQyTkwXu9pWqYBclxDgX7HCGeIbiz90MbuEoRLZVkZRfvml6Y,coloradostickerscompany,New,"802**, US","Decals, Stickers & Vinyl Art > Home Décor > Home & Garden",FIXED_PRICE,KTM
Motorcycle Rear Brake Master Cylinder Pump For KTM XCW XCF-W EXC EXC-F SX SXF XC,24.67,https://www.ebay.com/itm/388411146286?_skw=KTM&hash=item5a6f1bc02e:g:dK4AAOSwuoxoHsMq,nexshop_gb0,New,"314**, US",Every Other Thing > Everything Else,"FIXED_PRICE,BEST_OFFER",KTM
"KTM RACING 12""x18"" Metal Sign Garage Man Cave",28.95,https://www.ebay.com/itm/327196205166?_skw=KTM&hash=item4c2e69e06e:g:wrQAAeSwyRRpAkmQ,mancaveaccessories1,New,"481**, US",Business Signs > Retail & Services > Business & Industrial,FIXED_PRICE,KTM
1:12 MOBIL 1 COMPLETELY OUT OF PRODUCTION OFFICIAL KTM RC16 JACK MILLER #43 NEW!,24.99,https://www.ebay.com/itm/277716845999?_skw=KTM&hash=item40a936c5af:g:CmQAAeSwFMZpcq-W,bestdealz-com,New,"349**, US",Contemporary Manufacture > Toys & Hobbies > Diecast & Toy Vehicles > Motorcycles & ATVs,"FIXED_PRICE,BEST_OFFER",KTM
Red Bull KTM Racing Team Replica Team Tee,42.00,https://www.ebay.com/itm/405972637346?_skw=KTM&hash=item5e85dad6a2:g:l9EAAOSwsfdoTfvl,speedgearcom,New,"070**, US","Racing-Other > Fan Apparel & Souvenirs > Sports Mem, Cards & Fan Shop",FIXED_PRICE,KTM
NewRay KTM 450 SX-F Red Bull Cooper Webb #2 Dirt Bike 1:12,32.97,https://www.ebay.com/itm/225672440664?_skw=KTM&hash=item348b202b58:g:fTQAAOSwTFRksh9o,only1creativestore,New,US,Contemporary Manufacture > Toys & Hobbies > Diecast & Toy Vehicles > Motorcycles & ATVs,FIXED_PRICE,KTM
Oil Filter 77338005100 Fit for KTM Husqvarna FC FE FX 250 350 450 501 2014-2022,13.50,https://www.ebay.com/itm/357070777594?_skw=KTM&hash=item532313acfa:g:SbcAAOSwpt9oSAZ6,readyparts4u,New,"410**, US","Filters > Business & Industrial > Heavy Equipment Parts & Accessories > Heavy Equipment, Parts & Attachments",FIXED_PRICE,KTM
Motorcycle Front & Rear Brake Pads For KTM XC XC-F XCF-W XC-W SX SX-F EXC EXC-F,22.99,https://www.ebay.com/itm/800094935477?_skw=KTM&hash=itemba495fd9b5:g:xBMAAeSwWUJqGtBQ&amdata=enc%3AAQALAAAA4ACCtXRWQnOEpyOqnQQ8KGZMbePvYmbTuAjSd5vUdQIFUr75YCMwR9gXnizAa4zbEBr7pSGXBUfF8s1s%2FsNz9IV4QrTMM1KWgLtcp6qLhU87ePSosvyjNSwifcDzNn7%2FdansI3NZU3ZyhKegjxobF2wD30n5YRqtsMVHddUWxoimtCi1WU3GcQNqB28khMTuHwkddQMD9Ovvc73N99n1fbw2NVL711B07Wef2kuCnJz0aBWgD%2BVd6HGpt9aCYC3R%2FUMX6EnNcs7sjq7Q%2BIRBbu2%2FjvIEQRPCRs1f%2Bz1p24d7,sedrasiddiqi,New,"800**, US",Brakes > Sporting Goods > Cycling > Bicycle Components & Parts,FIXED_PRICE,KTM
KTM LED Light Sign 9” USB Powered Desk or Wall Lamp Garage Decor Gift Orange,34.99,https://www.ebay.com/itm/157441345351?_skw=KTM&hash=item24a83c4747:g:Sc8AAeSwipFpCq0X&amdata=enc%3AAQALAAAA4ACCtXRWQnOEpyOqnQQ8KGYuPcb1PICKV0s9Y8LVM23HEIVj4bhC7uj7%2FClR2Oe%2Fk2jXZt2mtH6qGoch2zxPqqfvlTjUlBZaesTESYpL92niOSs3gX%2FV39oalqIBBQL4rlM5DC4KVzjKfieICrqedvymt4viV%2BxGXHmWz7DvoiAZlNl4%2FRbXQj1L3tduroJZpEqoIgqgnVcBvSQ068eyE2%2BeexpxO%2FHNo7pzDAZl%2Fl9RApdbZjKExsW8tsJ4Yfc1pJsrMgoS7ZEDbJLrd5Zwg4l1w9IBBrHcH1yqTdh%2FiRna,titanmotoprops,New,"015**, US","Other Collectible Lighting > Collectibles > Lamps, Lighting","FIXED_PRICE,BEST_OFFER",KTM
"Mighty Max YTZ5S 12V, 4.5Ah, Replaces KTM 250 EXC 4-Stroke Offroad Motorcycle 03",27.99,https://www.ebay.com/itm/136280865448?_skw=KTM&hash=item1fbaf8faa8:g:D28AAeSw--9qCy0E,ecomelectronics,New,US,Rechargeable Batteries > Consumer Electronics > Multipurpose Batteries & Power,FIXED_PRICE,KTM
"2Pcs Clutch Gasket Fits for KTM, Brake Master Cylinder Gasket Fits for Brembo US",12.09,https://www.ebay.com/itm/358052826092?_skw=KTM&hash=item535d9c8bec:g:rUcAAeSwChBpTaGD,365_shop-0,New,"945**, US",Push-Pull Golf Carts > Sporting Goods > Golf > Golf Clubs & Equipment,FIXED_PRICE,KTM
Kick Start Shaft Sleeve Gear Spring Kits for KTM50 50SX 1995-2018,25.58,https://www.ebay.com/itm/147228651190?_skw=KTM&hash=item224782eeb6:g:LtcAAeSwRXppyC~j,appalachia25,New,"225**, US",Parts & Accessories > Sporting Goods > Scooters > Outdoor Sports,FIXED_PRICE,KTM
3D PRINT KTM MOTORSPORTS LOGO KEYCHAIN NOSTALGIA RETRO FUN FOR ALL MOTORCYCLE,2.50,https://www.ebay.com/itm/317804551120?_skw=KTM&hash=item49fea09bd0:g:X-AAAeSwHOBpd1T1,locraw0292tcg,New,"384**, US",Video Game Merchandise > Video Games & Consoles,FIXED_PRICE,KTM
KTM Graphic T-Shirt Men | Premium Cotton Tee | Streetwear Racing Style ATV Biker,17.49,https://www.ebay.com/itm/287260550795?_skw=KTM&hash=item42e210268b:g:P2EAAeSwf5Np1mpk,shessispretty,New without tags,"067**, US","T-Shirts > Men's Clothing > Clothing, Shoes & Accessories > Shirts > Men",FIXED_PRICE,KTM
KTM 125 SX 1991-2024 - Motorcycle T-Shirt for Motocross Riders,28.99,https://www.ebay.com/itm/276516149648?_skw=KTM&hash=item4061a59990:g:MXgAAOSwrHFmcxZB,motoanimals,New with tags,"337**, US","T-Shirts > Men's Clothing > Clothing, Shoes & Accessories > Shirts > Men",FIXED_PRICE,KTM
"Red Bull KTM Factory Racing Motorsports Energy Drink Iron On Patch 3"" x 4""",8.99,https://www.ebay.com/itm/227012319158?_skw=KTM&hash=item34dafd17b6:g:hn4AAeSwyv9o5MKg,big_bear_trading,New,"750**, US",Patches > Crafts > Sewing > Embellishments & Finishes,FIXED_PRICE,KTM
"KTM RACING EMBROIDERED IRON ON PATCH 4""X2"" FREE SHIPPING & TRACKING",5.99,https://www.ebay.com/itm/267419233057?_skw=KTM&hash=item3e436dab21:g:MGwAAeSwDwJpqkla,classicardshop,New,"960**, US",Patches > Collectibles > Transportation > Automobilia,FIXED_PRICE,KTM
KTM 1290 Super Adventure Service Repair Manual 2016 - COIL BIND - TOUGH COVERS,40.69,https://www.ebay.com/itm/267676727408?_skw=KTM&hash=item3e52c6b870:g:SAMAAeSwhPFqDz5S,any_manual_ask_us,Brand New,"605**, US",Books > Books & Magazines,FIXED_PRICE,KTM
KTM Racing Trucker Hat Mesh Back Embroidered Logo Black Snapback Cap,24.68,https://www.ebay.com/itm/406792616149?_skw=KTM&hash=item5eb6bab8d5:g:PkwAAeSwDz9pwK64,se_1545,New with tags,"391**, US","Hats > Men's Accessories > Clothing, Shoes & Accessories > Men",FIXED_PRICE,KTM
KKE 44T 48T 49T 50T 51T 52T Rear Hybrid Sprocket for KTM SX XC EXC XCW 125-530CC,59.99,https://www.ebay.com/itm/256372848834?_skw=KTM&hash=item3bb10338c2:g:fKwAAOSwmBJln1it,hengli2013,New,"925**, US",Chainrings & BMX Sprockets > Sporting Goods > Cycling > Bicycle Components & Parts,FIXED_PRICE,KTM
Titanium Clutch Slave Cylinder Banjo Bolt Inc Bleeder Valve Ducati KTM Suzuki MV,10.46,https://www.ebay.com/itm/306553607660?_skw=KTM&hash=item476004d5ec:g:SmAAAeSwG4ho8d7f,screw888,New,"******, CN",Bolts & Fasteners > Sporting Goods > Cycling > Bicycle Components & Parts,FIXED_PRICE,KTM
KTM Racing FMF Hat SnapBack Cap RMF PATCH 9FIFTY,15.00,https://www.ebay.com/itm/287322194415?_skw=KTM&hash=item42e5bcc1ef:g:~KwAAeSwU0hp~K9r,paal7110,New with tags,"385**, US","Hats > Men's Accessories > Clothing, Shoes & Accessories > Men",FIXED_PRICE,KTM
Mighty Max YTX4L-BS SLA Replacement Battery compatible with KTM SX-F 350 450,19.99,https://www.ebay.com/itm/386252207625?_skw=KTM&hash=item59ee6cf609:g:KxEAAeSwTFBp9NhD,ecomelectronics,New,US,Rechargeable Batteries > Consumer Electronics > Multipurpose Batteries & Power,FIXED_PRICE,KTM
KTM Factory Racing Alpinestars Motorex AOP 3D Casual Shirt S5XL For Fan,31.99,https://www.ebay.com/itm/135312400552?_skw=KTM&hash=item1f813f60a8:g:HQ4AAOSwB6ZnFcNg,crjoh_1005,New with tags,"957**, US","Polos > Men's Clothing > Clothing, Shoes & Accessories > Shirts > Men",FIXED_PRICE,KTM
Custom Name KTM Red B**l Racing 3D Lightweight Hoodie For Men,37.99,https://www.ebay.com/itm/127429679626?_skw=KTM&hash=item1dab669a0a:g:XKcAAeSws1Bo7Sd0,krisull-3319,New with tags,"775**, US","Hoodies & Sweatshirts > Men's Clothing > Clothing, Shoes & Accessories > Activewear > Men",FIXED_PRICE,KTM
NEW! KTM REDBULL COWBOY HAT -  SUEDE BLACK - LARGE/X-LARGE - 58CM-61CM,89.99,https://www.ebay.com/itm/327090838122?_skw=KTM&hash=item4c28221a6a:g:F0EAAeSw7qNp1YFi,ktm_parts,New with tags,"787**, US","Hats > Men's Accessories > Clothing, Shoes & Accessories > Men",FIXED_PRICE,KTM
KTM Bionic Plus Knee Guard,43.99,https://www.ebay.com/itm/298233478847?_skw=KTM&hash=item457019bebf:g:SGgAAeSwhANqELMe,jorgensenpowersports,New,"847**, US",Protective Pads & Armor > Sporting Goods > Cycling > Helmets & Protective Gear,FIXED_PRICE,KTM
New Era Red Bull KTM Motocross Racing Team Navy Adjustable Snapback Hat Cap OSFM,34.96,https://www.ebay.com/itm/387855047135?_skw=KTM&hash=item5a4df659df:g:UFsAAOSwMlNmWxi8,carolinagoodz,New with tags,"281**, US","Hats > Men's Accessories > Clothing, Shoes & Accessories > Men",FIXED_PRICE,KTM
KTM Racing Aluminum License Plate laser etched car vehicle truck tag Man Cave,18.95,https://www.ebay.com/itm/306710645287?_skw=KTM&hash=item4769610a27:g:EfUAAeSwvrRpZ7Zq,abdul-iss,New,"928**, US",Other US License Plates > Collectibles > Transportation > Automobilia > License Plates,FIXED_PRICE,KTM
"KTM Racing Black & Gray Embroidered Iron On Patch 2.75"" x 1.5""",6.49,https://www.ebay.com/itm/226645389583?_skw=KTM&hash=item34c51e310f:g:TXkAAOSwAj1n0280,big_bear_trading,New,"750**, US",Patches > Crafts > Sewing > Embellishments & Finishes,FIXED_PRICE,KTM
Foldable Clutch & Front Brake Lever Factory Set for KTM Husqvarna Black ,64.90,https://www.ebay.com/itm/306842916492?_skw=KTM&hash=item477143568c:g:rsQAAeSwx~hpxCh6,readygadgets,New,"945**, US",Other Go-Karts (Recreational) > Sporting Goods > Go-Karts (Recreational) > Outdoor Sports,FIXED_PRICE,KTM
"4' x 1/4"" x 3/8""  KTM ORANGE Fuel Line Gas Hose Motorcycle Bike Scooter ATV UTV",11.95,https://www.ebay.com/itm/144587855609?_skw=KTM&hash=item21aa1b96f9:g:cgsAAOSwUkJjYWft,maxvr6,New,"863**, US","Lawn Mower Parts > Home & Garden > Lawn Mowers, Parts & Accessories > Yard, Garden & Outdoor Living",FIXED_PRICE,KTM
Motorcycle Headlight Beam Horn Stop Switch 78111070000 Compatible with KTM EXC,29.16,https://www.ebay.com/itm/188371498306?_skw=KTM&hash=item2bdbd0f542:g:t-4AAeSwf8FqAdDT,shi5720,New,"331**, US",Contemporary Manufacture > Toys & Hobbies > Diecast & Toy Vehicles > Motorcycles & ATVs,FIXED_PRICE,KTM
Rubber Motorcycle Valve Stem Grommets For All KTM GasGas Husky Dirtbike Wheels,5.99,https://www.ebay.com/itm/285521071333?_skw=KTM&hash=item427a61cce5:g:xukAAOSwPAJlL3gg,specmoto,New,"917**, US",Other Fasteners & Hardware > Business & Industrial > Fasteners & Hardware,FIXED_PRICE,KTM
KTM 1290 Super Adventure Rear Brake Disc Rotor,105.00,https://www.ebay.com/itm/266281839774?_skw=KTM&hash=item3dffa26c9e:g:GrsAAOSwB99dZuVj,sfs_brake_moto,New,TR,Brake Disc Rotors > eBay Motors > Parts & Accessories > Motorcycle & Scooter Parts & Accessories > Brakes & Brake Parts,FIXED_PRICE,KTM
"Vintage KTM Sticker Original Racing Motocross PURPLE Small Decal 1"" x 3"" NOS",7.99,https://www.ebay.com/itm/306663058501?_skw=KTM&hash=item47668aec45:g:waoAAeSwSY9pQxzm,the*surplus*store,New,"017**, US",Decals & Stickers > Collectibles > Transportation > Automobilia,"FIXED_PRICE,BEST_OFFER",KTM
KTM Dirt Bike Patch – Embroidered Iron-On/Sew-On Racing Logo for Motorcycle Gear,3.99,https://www.ebay.com/itm/327106026236?_skw=KTM&hash=item4c2909dafc:g:45IAAeSw27lpuJaS,patchculture,New,"253**, US",Patches > Crafts > Sewing > Embellishments & Finishes,FIXED_PRICE,KTM
Red Bull Energy 3x5 ft Flag F1 KTM Motorcycle MotoGP Racing Gift Banner,15.89,https://www.ebay.com/itm/298145013406?_skw=KTM&hash=item456ad3de9e:g:QtIAAeSwC4hnq-J9,patriot_creations,New with tags,"103**, US","Flags > Home & Garden > Décor > Yard, Garden & Outdoor Living",FIXED_PRICE,KTM
KTM Racing Embroidered Iron/Sew On Patch,2.99,https://www.ebay.com/itm/358440124351?_skw=KTM&hash=item5374b23fbf:g:X2oAAeSwc-Fp3BhJ,patchesnmore79,New,"930**, US",Patches > Crafts > Sewing > Embellishments & Finishes,FIXED_PRICE,KTM
"Motorcycle Handlebar Pad for Renthal 7/8"" Crossbar Chest Protector Honda KTM",28.55,https://www.ebay.com/itm/236733300077?_skw=KTM&hash=item371e677d6d:g:VXMAAeSwaeRpz3HN,nourhurshid,New,CN,"Handlebar Grips, Tape & Pads > Sporting Goods > Cycling > Bicycle Components & Parts",FIXED_PRICE,KTM
Dirt Tricks KTM-13 – KTM 13 Tooth Front Sprocket,63.17,https://www.ebay.com/itm/406954266937?_skw=KTM&hash=item5ec05d5139:g:HSAAAeSwK4lqFlP9,nadav_store_2,New,US,Other Sporting Goods > Sporting Goods,FIXED_PRICE,KTM
KTM OEM New M16X1.5 Oil Screen Plug 77038017000 000 - (77038017000),10.00,https://www.ebay.com/itm/326613415017?_skw=KTM&hash=item4c0bad3469:g:J5gAAeSwY8toPKwi,cfratt-98004,New other (see details),"941**, US",Other Motorcycle & Scooter Parts & Accessories > eBay Motors > Parts & Accessories > Motorcycle & Scooter Parts & Accessories,"FIXED_PRICE,BEST_OFFER",KTM
Red Bull KTM Racing 2x8 ft Banner F1 Formula 1 Motorcycle MotoGP Flag,19.95,https://www.ebay.com/itm/137205892454?_skw=KTM&hash=item1ff21bc566:g:xXwAAOSwR85nkvzA,khidval_0,New with tags,"103**, US","Flags > Home & Garden > Décor > Yard, Garden & Outdoor Living",FIXED_PRICE,KTM
6Pin To 16Pin OBD2 Adapter Cable Auto Diagnostic Scanner Tool For KTM Motorcycle,14.40,https://www.ebay.com/itm/287248386100?_skw=KTM&hash=item42e1568834:g:sJIAAeSwnjxpzipE,qiaof39,New,"410**, US",Other Vehicle Electronics > Consumer Electronics > Vehicle Electronics & GPS,"FIXED_PRICE,BEST_OFFER",KTM
KTM Motorcycle Racing Team Redbull 3x5 Flag 3 x 5 Banner Man Cave Flags New USA,12.29,https://www.ebay.com/itm/168077745845?_skw=KTM&hash=item272236deb5:g:DiAAAeSwXfdpIejh,i.sell.flags.2u,New with tags,"700**, US","Flags > Home & Garden > Décor > Yard, Garden & Outdoor Living",FIXED_PRICE,KTM
Rear Light Taillight Motorcycle Accessories Brake Lamp for KTM EXC-F XCW XCFW XW,32.95,https://www.ebay.com/itm/397243295460?_skw=KTM&hash=item5c7d8ba6e4:g:ib0AAeSwGf9o~UTU,relianceselect,New,"949**, US",Lights & Reflectors > Sporting Goods > Cycling > Bicycle Accessories,FIXED_PRICE,KTM
KTM TEAM TEE - ORANGE/BLACK - SIZE LARGE - 3PW240004104,34.99,https://www.ebay.com/itm/326921191719?_skw=KTM&hash=item4c1e058127:g:02sAAeSwspRpF7HH,ktm_parts,New with tags,"787**, US","T-Shirts > Men's Clothing > Clothing, Shoes & Accessories > Shirts > Men",FIXED_PRICE,KTM
(2) KTM Racing Embroidered Iron On Patches,13.49,https://www.ebay.com/itm/226202861263?_skw=KTM&hash=item34aabdbecf:g:Wd4AAOSwOZ5mc1yV,big_bear_trading,New,"750**, US",Patches > Crafts > Sewing > Embellishments & Finishes,FIXED_PRICE,KTM
Welly KTM RC 8C 1/12 Alloy Diecast Model Motorcycle,40.00,https://www.ebay.com/itm/318253633875?_skw=KTM&hash=item4a19651153:g:bocAAeSwkJNp-gL~,cnmodelcarworld,New,CN,Contemporary Manufacture > Toys & Hobbies > Diecast & Toy Vehicles > Motorcycles & ATVs,"FIXED_PRICE,BEST_OFFER",KTM
Nickel Plated Motorcycle Sprocket Bolt And Nut Kit For KTM Gas Gas Husqvarna,22.18,https://www.ebay.com/itm/177784226715?_skw=KTM&hash=item2964c4039b:g:mb0AAeSw-bNparac,fediril,New,"826**, US",Parts & Accessories > Sporting Goods > Go-Karts (Recreational) > Outdoor Sports,FIXED_PRICE,KTM
KTM 950 Adventure Motorcycle T-Shirt for ADV Riders,28.99,https://www.ebay.com/itm/276431070295?_skw=KTM&hash=item405c936457:g:xEcAAOSwYp1mIaNY,motoanimals,New with tags,"337**, US","T-Shirts > Men's Clothing > Clothing, Shoes & Accessories > Shirts > Men",FIXED_PRICE,KTM
US STOCK！Complete Engine Gasket Kit for KTM SX85 2013-2016 84.9cc 2-Stroke,28.60,https://www.ebay.com/itm/389596032596?_skw=KTM&hash=item5ab5bbae54:g:WcQAAeSwd-xpOL4w,topendgasket,New,"410**, US","Seals, O-Rings & Gaskets > Business & Industrial > Industrial Automation & Motion Controls > Mechanical Power Transmission",FIXED_PRICE,KTM
NEW KTM Motorcycle Wall Art Poster Banner Motorcycles Dirt bike Motocross,29.99,https://www.ebay.com/itm/355846196505?_skw=KTM&hash=item52da160d19:g:YGoAAOSw7dJmiJwy,lovemiami,New,"339**, US",Art Posters > Art,FIXED_PRICE,KTM
Motorcycle HandGuard Handlebar Enduro Protector for KTM EXC SX SXF EXCF XCW,28.63,https://www.ebay.com/itm/357571689285?_skw=KTM&hash=item5340eefb45:g:BeQAAeSwKj5ouoTx,powermotor-enduro,New,CN,Other Bicycle Accessories > Sporting Goods > Cycling > Bicycle Accessories,FIXED_PRICE,KTM
NEW RAY MOTOGP RED BULL RACING KTM RC16 MOTORCYCLE 1/12 #33 BRAD BINDER 58383,21.79,https://www.ebay.com/itm/168113512959?_skw=KTM&hash=item272458a1ff:g:cN0AAeSwj6Npd~1Z,allstartoysinc,New,"917**, US",Contemporary Manufacture > Toys & Hobbies > Diecast & Toy Vehicles > Motorcycles & ATVs,FIXED_PRICE,KTM
Mighty Max YTX4L-BS SLA Battery compatible with KTM 300 XC-W Six Days 2016-2018,19.99,https://www.ebay.com/itm/196063646917?_skw=KTM&hash=item2da64dd4c5:g:EpEAAeSwm5Bp9NjF,ecomelectronics,New,US,Rechargeable Batteries > Consumer Electronics > Multipurpose Batteries & Power,FIXED_PRICE,KTM
MSR Dominator NOS 93-98 KTM Brake Lever 34-1743      (S-272),11.75,https://www.ebay.com/itm/165802097687?_skw=KTM&hash=item269a933c17:g:HcUAAOSwZ4xjhBJI,smb7_49,New,"305**, US",Other Motorcycle Collectibles > Collectibles > Transportation > Motorcycles,FIXED_PRICE,KTM
"Motorcycle Backpack, Knight Backpack, Riding Bag, KTM Off-Road Vehicle Portable ",50.00,https://www.ebay.com/itm/366378582531?_skw=KTM&hash=item554ddd8203:g:HYgAAeSwxO5pprN5,motoshopcn,New without tags,CN,"Bags > Men's Accessories > Clothing, Shoes & Accessories > Men","FIXED_PRICE,BEST_OFFER",KTM
Motorcycle Front & Rear Brake Pads For KTM XC XC-F XCF-W XC-W SX SX-F EXC EXC-F,29.56,https://www.ebay.com/itm/388393637636?_skw=KTM&hash=item5a6e109704:g:In0AAOSwTtFnCDSx,nexshop_gb0,New,"314**, US",Brakes > Sporting Goods > Cycling > Bicycle Components & Parts,FIXED_PRICE,KTM
KTM “Ready To Race” T Shirt New S-5XL 2025 Off-road and street motorcycles  Tee,18.98,https://www.ebay.com/itm/365827857056?_skw=KTM&hash=item552d0a1aa0:g:u1QAAeSwYDZor9OA,lamwcc13,New with tags,"900**, US","T-Shirts > Men's Clothing > Clothing, Shoes & Accessories > Shirts > Men",FIXED_PRICE,KTM
KTM Inspired Ready To Race Banner Wall Decoration,27.70,https://www.ebay.com/itm/358242912962?_skw=KTM&hash=item5368f10ac2:g:pYgAAeSwG6xpmb0F,ronwac_0,New with tags,"217**, US","Flags > Home & Garden > Décor > Yard, Garden & Outdoor Living","FIXED_PRICE,BEST_OFFER",KTM
"KTM Racing Banner 71x24"", Garage Wall Decor, Motorsport Fan Gift",26.99,https://www.ebay.com/itm/389540125554?_skw=KTM&hash=item5ab2669b72:g:oT4AAeSw7Wtpdw~W,kensle_70,New without tags,"080**, US","Flags > Home & Garden > Décor > Yard, Garden & Outdoor Living",FIXED_PRICE,KTM
Limited KTM Black polo shirt Logo Cover Racing Fans 3D Printed Unisex Fashions,25.99,https://www.ebay.com/itm/306735356208?_skw=KTM&hash=item476ada1930:g:7bYAAeSw9TtpeeAT,olile_49,New with tags,"115**, US","Polos > Men's Clothing > Clothing, Shoes & Accessories > Shirts > Men",FIXED_PRICE,KTM
KTM Genuine Clamp 52/12 Gemi - 54330061000,9.01,https://www.ebay.com/itm/298238566832?_skw=KTM&hash=item45706761b0:g:BGIAAeSwX8Rp41bC,motosportinc,New,"240**, US",Other Motorcycle & Scooter Parts & Accessories > eBay Motors > Parts & Accessories > Motorcycle & Scooter Parts & Accessories,FIXED_PRICE,KTM
"Red Bull KTM Factory Racing Motorsports Energy Drink Iron On Patch 2.5"" x 3.25""",7.49,https://www.ebay.com/itm/226397235633?_skw=KTM&hash=item34b653a9b1:g:2B8AAOSwXyNnC1Ca,big_bear_trading,New,"750**, US",Patches > Crafts > Sewing > Embellishments & Finishes,FIXED_PRICE,KTM
Red Bull KTM Factory Racing LED Light Box Sign Motocross Garage Decor 5x8,34.99,https://www.ebay.com/itm/157255523629?_skw=KTM&hash=item249d28dd2d:g:bCsAAeSwTdtopGBM,titanmotoprops,New,"015**, US","Other Collectible Lighting > Collectibles > Lamps, Lighting",FIXED_PRICE,KTM
Side Stand Springs Compatible with KTM 125–500 EXC EXC-F XC XCW XC-W Chrome 02,20.40,https://www.ebay.com/itm/127896883933?_skw=KTM&hash=item1dc73f92dd:g:tW4AAeSwcgFqHUPh,usa-best-deal,New,"853**, US",Kickstands > Sporting Goods > Cycling > Bicycle Accessories,FIXED_PRICE,KTM
Mighty Max 12V 8.6AH 190CCA GEL Battery Replaces KTM 790 Adventure 19-20,34.99,https://www.ebay.com/itm/195552775419?_skw=KTM&hash=item2d87da8cfb:g:L0MAAeSwajBp9QrT,ecomelectronics,New,US,Rechargeable Batteries > Consumer Electronics > Multipurpose Batteries & Power,FIXED_PRICE,KTM
MOTORCYCLE CUSTOM RIM STRIPE WHEEL DECAL TAPE KTM APRILIA DUCATI BMW HYOSUNG,13.49,https://www.ebay.com/itm/382123608676?_skw=KTM&hash=item58f8578a64:g:IJ8AAMXQ97RRGrUz,cgd_graphics,New,"212**, US","Decals, Stickers & Vinyl Art > Home Décor > Home & Garden",FIXED_PRICE,KTM
KTM GPS BRACKET - A61012992044,68.99,https://www.ebay.com/itm/326292275715?_skw=KTM&hash=item4bf8890203:g:V7oAAOSwRthm~tbM,ktm_parts,New,"787**, US",Other Motorcycle & Scooter Parts & Accessories > eBay Motors > Parts & Accessories > Motorcycle & Scooter Parts & Accessories,FIXED_PRICE,KTM
"STX4L-BS Battery Replacement for KTM E/XC, M/XC Racing 4-Stroke 520CC 2000-2002",18.99,https://www.ebay.com/itm/325954793891?_skw=KTM&hash=item4be46b71a3:g:L6MAAOSw32lYpcBx,batterysharks*,New,"217**, US",Rechargeable Batteries > Batteries > Consumer Electronics > eBay Motors > Parts & Accessories > Motorcycle & Scooter Parts & Accessories > Multipurpose Batteries & Power > Electrical & Ignition Components,FIXED_PRICE,KTM
Motorcycle Cam Chain Tensioner for KTM250 350 For EXC XCF with Anodized Finish,25.60,https://www.ebay.com/itm/227337193666?_skw=KTM&hash=item34ee5a48c2:g:u0AAAeSwn8tp~5Zm,rainbow66,New,"******, CN","Lawn Mower Accessories > Home & Garden > Lawn Mowers, Parts & Accessories > Yard, Garden & Outdoor Living",FIXED_PRICE,KTM
RENTHAL Ultralight Rear Sprocket - 50 Tooth - Blue - Gas Gas/Husqvarna/KTM,104.61,https://www.ebay.com/itm/358549988149?_skw=KTM&hash=item537b3ea335:g:CWAAAeSw9fpqA97x,performancemotopartsorlando,New,"328**, US",Every Other Thing > Everything Else,FIXED_PRICE,KTM
"Handlebar Guards Handguard Motorcycle, Molded Plastic Compatible with KTM Blue",37.78,https://www.ebay.com/itm/236836209893?_skw=KTM&hash=item372489c4e5:g:Rv8AAeSw-7pqFBb~,golda_store,New,"331**, US","Pool Ladders & Steps > Home & Garden > Pools & Spas > Yard, Garden & Outdoor Living > Pool Equipment & Parts",FIXED_PRICE,KTM
KTM Red Bull Umbrella Factory Race Team Edition 3RB240002400 Spring Release New,34.99,https://www.ebay.com/itm/187671736867?_skw=KTM&hash=item2bb21b7223:g:rbUAAOSwyRRn9CPv,michaelsrenopowersports,New with tags,"895**, US","Umbrellas > Men's Accessories > Clothing, Shoes & Accessories > Men","FIXED_PRICE,BEST_OFFER",KTM
Hot Cams 8.90mm Complete Shim Kit HCSHIM00 for Various KTM Dirt Bikes 2005-2017 ,89.52,https://www.ebay.com/itm/287047141097?_skw=KTM&hash=item42d557c6e9:g:mlwAAeSwVCtpVu5F,ronbek-71,New,"331**, US",Complete Go-Karts & Frames > Sporting Goods > Go-Karts (Recreational) > Outdoor Sports,FIXED_PRICE,KTM
"USA Made, Two Composite Valve Cover Gaskets Fits KTM  58036053000 Ships Free!",4.99,https://www.ebay.com/itm/298005172017?_skw=KTM&hash=item45627e0f31:g:8wsAAeSwMEJphYJM,bedfordgaskets,New,"474**, US","Lawn Mower Parts > Home & Garden > Lawn Mowers, Parts & Accessories > Yard, Garden & Outdoor Living",FIXED_PRICE,KTM
Rainbow Titanium Clutch Slave Cylinder Banjo Bolt with Bleeder Valve Ducati KTM,10.00,https://www.ebay.com/itm/305435653623?_skw=KTM&hash=item471d6235f7:g:T-8AAOSwgZBm1n9-,screw888,New,"******, CN",Bolts & Fasteners > Sporting Goods > Cycling > Bicycle Components & Parts,FIXED_PRICE,KTM
M5x12mm Titanium Allen Socket Head Flange Bolt Fairing Screw for KTM Motorcycle,21.16,https://www.ebay.com/itm/305769554112?_skw=KTM&hash=item47314920c0:g:myMAAOSwI-Jm28Vc,screw888,New,"******, CN",Bolts & Fasteners > Sporting Goods > Cycling > Bicycle Components & Parts,FIXED_PRICE,KTM
Mighty Max YTX9-BS GEL Replacement Battery compatible with KTM RC 390 2018,34.99,https://www.ebay.com/itm/384205379673?_skw=KTM&hash=item59746cd859:g:gzoAAeSwXBNp-Lot,ecomelectronics,New,US,Rechargeable Batteries > Consumer Electronics > Multipurpose Batteries & Power,FIXED_PRICE,KTM
KTM 990 T-SHIRT - WHITE - SIZE LARGE - 3PW250016804,34.99,https://www.ebay.com/itm/327171124538?_skw=KTM&hash=item4c2ceb2d3a:g:wuAAAOSwh65oFT0Y,ktm_parts,New with tags,"787**, US","T-Shirts > Men's Clothing > Clothing, Shoes & Accessories > Shirts > Men","FIXED_PRICE,BEST_OFFER",KTM
Motorcycle New 2023 Swingarm Swing Arm Protector For KTM XCW XCFW EXC EXCF TPI S,31.17,https://www.ebay.com/itm/388393635318?_skw=KTM&hash=item5a6e108df6:g:HVIAAOSw-8lnCDA4,nexshop_gb0,New,"314**, US",Other RC Parts & Accs > Toys & Hobbies > Radio Control & Control Line > RC Model Vehicle Parts & Accs,FIXED_PRICE,KTM
Custom Name Men's RedBulll KTM Racing Motocross 3D Long Sleeve Shirt S-5XL,29.99,https://www.ebay.com/itm/336578529567?_skw=KTM&hash=item4e5da4c91f:g:~BoAAeSwJ6NqH5hd,carlomcaya0,New,"212**, US","Olympics > Fan Apparel & Souvenirs > Sports Mem, Cards & Fan Shop",FIXED_PRICE,KTM
5 OIL FILTER FITS HF652 HIFLO 652 KTM 773.38.005.100 KTM 773.38.005.101,18.30,https://www.ebay.com/itm/256245887032?_skw=KTM&hash=item3ba971f038:g:nysAAOSwD2BlIAzU,greendadeoutdoor,New,"331**, US","Lawn Mower Accessories > Home & Garden > Lawn Mowers, Parts & Accessories > Yard, Garden & Outdoor Living","FIXED_PRICE,BEST_OFFER",KTM
90141090000 New Oxygen O2 Sensor For KTM Motorcycle RC390 RC 390 0258010265,37.90,https://www.ebay.com/itm/157925941601?_skw=KTM&hash=item24c51ea161:g:TCEAAOSw5xhkv4Vn,hefeilebaodianzish-0,New,"******, CN",Clothespins > Crafts > Multi-Purpose Craft Supplies > Crafting Pieces,FIXED_PRICE,KTM
SigmasTek STZ7S SLA Battery Replacement for KTM XC ATV 525CC 2010-2013,27.99,https://www.ebay.com/itm/226082229822?_skw=KTM&hash=item34a38d0e3e:g:W64AAOSwiHpZ5v~E,batterysharks*,New,"217**, US",Rechargeable Batteries > Batteries > Consumer Electronics > eBay Motors > Parts & Accessories > Motorcycle & Scooter Parts & Accessories > Multipurpose Batteries & Power > Electrical & Ignition Components,FIXED_PRICE,KTM
"10' FEET 2 STROKE 4 STROKE FUEL HOSE LINE 1/4"" ID x 3/8"" OD | 14 COLORS",18.95,https://www.ebay.com/itm/144002315160?_skw=KTM&hash=item218734f398:g:fKkAAOSwetdjjpd-,maxvr6,New,"863**, US","Lawn Mower Parts > Home & Garden > Lawn Mowers, Parts & Accessories > Yard, Garden & Outdoor Living",FIXED_PRICE,KTM
KTM/Motorex Oil Change Kit 10W/50 (1.2L) - U6921041 1,47.86,https://www.ebay.com/itm/406938384622?_skw=KTM&hash=item5ebf6af8ee:g:BKQAAeSwU9BqDT5A,popob_3,New,US,Other Merch & Memorabilia Ads > Collectibles > Advertising > Merchandise & Memorabilia,FIXED_PRICE,KTM
✅ 2023 HUSQVARNA TC 85 OEM SILENCER - EXHAUST TC85 47205079100 85SX MC85 290 ✅,70.00,https://www.ebay.com/itm/168444249749?fits=Make%3AKTM&_skw=KTM&hash=item27380f4695:g:2AEAAeSwm2tpCCmi,mototech_motorcycle_recycle,Used,"675**, US",Other Motorcycle & Scooter Parts & Accessories > eBay Motors > Parts & Accessories > Motorcycle & Scooter Parts & Accessories,FIXED_PRICE,KTM
Ktm Racing Flag Banner 3x5  Motorcycle Car Motorcross Off Road Fan Gift,11.75,https://www.ebay.com/itm/187314272981?_skw=KTM&hash=item2b9cccfad5:g:YE8AAOSwj6Vh9cbH,ultimatecollections204,New with tags,"088**, US","Flags > Home & Garden > Décor > Yard, Garden & Outdoor Living",FIXED_PRICE,KTM
Paris to Dakar rally Off-Road Motorcycle Desert Racing KTM BMW Sticker Decal,2.70,https://www.ebay.com/itm/236750976947?_skw=KTM&hash=item371f7537b3:g:q9EAAeSwEPFp2rHr,tyshaun18,New,"363**, US",Stickers & Decals > Collectibles > Transportation > Motorcycles > Motorcycle Memorabilia,"FIXED_PRICE,BEST_OFFER",KTM
KTM Genuine Prot.Cap Hand Brake Cyl. 50 Lc - 45113004000,14.08,https://www.ebay.com/itm/306791349236?_skw=KTM&hash=item476e307bf4:g:jOgAAeSwM~tpyqh-,motosportinc,New,"240**, US",Other Motorcycle & Scooter Parts & Accessories > eBay Motors > Parts & Accessories > Motorcycle & Scooter Parts & Accessories,FIXED_PRICE,KTM
CNC Engine Oil Filler Plug Cap Cover For KTM XC XCF XCW XCF-W XC-W SixDays SX SX,20.34,https://www.ebay.com/itm/388393635538?_skw=KTM&hash=item5a6e108ed2:g:vgoAAOSwr6Bnqs3N,nexshop_gb0,New,"314**, US","Lighting Parts > Collectibles > Lamps, Lighting",FIXED_PRICE,KTM
KTM Genuine Seat Judder Spring - 63532035000,8.45,https://www.ebay.com/itm/306882961086?_skw=KTM&hash=item4773a65ebe:g:9mYAAeSwf5Np4AkQ,motosportinc,New,"240**, US",Other Motorcycle & Scooter Parts & Accessories > eBay Motors > Parts & Accessories > Motorcycle & Scooter Parts & Accessories,FIXED_PRICE,KTM
Moose Offroad Motor Oil Seals Motor Oil Seals - Gas Gas/Husqvarna/KTM,40.60,https://www.ebay.com/itm/198366964094?_skw=KTM&hash=item2e2f97a97e:g:XPYAAeSwHpNqDOt~,americanbazzarshop,New,"328**, US",Every Other Thing > Everything Else,FIXED_PRICE,KTM
KTM Dirtbike Fuel Petcock Valve,52.99,https://www.ebay.com/itm/377206005485?_skw=KTM&hash=item57d33adeed:g:NJ0AAeSwh5VqEfBB,night-and-day-shop,New,"606**, US","Pilot Assemblies > Home & Garden > Heating, Cooling & Air > Home Improvement > Heating & Cooling: Parts & Accessories",FIXED_PRICE,KTM
Biker KTM Black cap  Adjustable & Washable One Size use for Men & Women,24.04,https://www.ebay.com/itm/376778250810?_skw=KTM&hash=item57b9bbda3a:g:oiUAAeSwHjdpOqAk,yashexport-25,New with tags,"******, IN","Hats > Men's Accessories > Clothing, Shoes & Accessories > Men","FIXED_PRICE,BEST_OFFER",KTM
Evotech Performance KTM 990 RC R (2026 onwards) Rectifier Guard Protection,60.02,https://www.ebay.com/itm/127664742370?_skw=KTM&hash=item1db9695fe2:g:JzYAAeSwc51pgxsm,biker-bits-ltd,New,"BN25***, GB",Other Motorcycle & Scooter Parts & Accessories > Motorcycle & Scooter Parts & Accessories > Vehicle Parts & Accessories,FIXED_PRICE,KTM
KTM Racing Team Logo T-Shirt Black Cotton Tee Enthusiast Racing Streetwear,15.99,https://www.ebay.com/itm/389900034429?_skw=KTM&hash=item5ac7da617d:g:VBkAAeSwO~1p4auP,jomi-8723,New without tags,"193**, US","T-Shirts > Men's Clothing > Clothing, Shoes & Accessories > Shirts > Men",FIXED_PRICE,KTM
KTM BABY RADICAL BODY SET - ORANGE/BLUE - SIZE 86/12-18MO - 3PW220007505,39.99,https://www.ebay.com/itm/327169270257?_skw=KTM&hash=item4c2ccee1f1:g:yT8AAeSw~F1qDgP0,ktm_parts,New with tags,"787**, US","Outfits & Sets > Clothing, Shoes & Accessories > Baby > Baby & Toddler Clothing",FIXED_PRICE,KTM
"KTM O-Ring 44,00X2,00 NOS 0770440020  (S-1734)",5.25,https://www.ebay.com/itm/136909680649?_skw=KTM&hash=item1fe073f009:g:6gAAAeSwjsNpV1Z2,evolixsurf,New,"074**, US",Non-Topographical Postcards > Collectibles > Postcards & Supplies > Postcards,"FIXED_PRICE,BEST_OFFER",KTM
✅ 2023 HUSQVARNA TC 85 CLUTCH OUTPUT CYLINDER 🏁 72132061044 85SX MC85 290 ✅,110.00,https://www.ebay.com/itm/168444249753?fits=Make%3AKTM&_skw=KTM&hash=item27380f4699:g:fk8AAeSwEw9pCO2N,mototech_motorcycle_recycle,Used,"675**, US",Other Motorcycle & Scooter Parts & Accessories > eBay Motors > Parts & Accessories > Motorcycle & Scooter Parts & Accessories,FIXED_PRICE,KTM
"NEW OEM KTM BUSHING 6X8X12X4,5 125 150 200 EXC SX MXC XC XC-W 50334007053",7.91,https://www.ebay.com/itm/393594054804?_skw=KTM&hash=item5ba408a894:g:LhwAAOSw16xmJ-JB,ktmpartsexpress,New,US,Other Motorcycle & Scooter Parts & Accessories > eBay Motors > Parts & Accessories > Motorcycle & Scooter Parts & Accessories,"FIXED_PRICE,BEST_OFFER",KTM
Moto-Master 620292240,68.43,https://www.ebay.com/itm/157983745423?_skw=KTM&hash=item24c890a58f:g:IkcAAeSwM0BqJ-uE,cycleanything,New,"287**, US",Other Motorcycle & Scooter Parts & Accessories > eBay Motors > Parts & Accessories > Motorcycle & Scooter Parts & Accessories,FIXED_PRICE,KTM
IHCM 1:64 Black Carbon KTM X-BOW GT-XR Sports Open Model Diecast Metal Car,74.09,https://www.ebay.com/itm/358504557334?_skw=KTM&hash=item5378896b16:g:TxAAAeSwWxpp7wCb,baitongshopping,New,CN,"Contemporary Manufacture > Toys & Hobbies > Diecast & Toy Vehicles > Cars, Trucks & Vans",FIXED_PRICE,KTM
Complete Performance Clutch Pad Assembly for KTM50 KTM 50 Junior Senior Sx Pro,29.84,https://www.ebay.com/itm/376640524117?_skw=KTM&hash=item57b1864f55:g:3NAAAeSwgXxo-HYj,nishybear,New,"114**, US",Other Educational Toys > Toys & Hobbies > Educational,FIXED_PRICE,KTM
NEW OEM KTM THREADED BUSH M12 D20 85 105 150 200 250 300 350 400 500 50180105,18.25,https://www.ebay.com/itm/234926731042?fits=Make%3AKTM&_skw=KTM&hash=item36b2b96f22:g:DoUAAOSwU3NiO1vS,ktmpartsexpress,New,"080**, US",Other Motorcycle & Scooter Parts & Accessories > eBay Motors > Parts & Accessories > Motorcycle & Scooter Parts & Accessories,FIXED_PRICE,KTM
NEW! KTM REDBULL COWBOY HAT -  SUEDE BROWN - LARGE/X-LARGE - 58CM-61CM,89.99,https://www.ebay.com/itm/327090840644?_skw=KTM&hash=item4c28222444:g:JjkAAeSw6uVp1Yi5,ktm_parts,New with tags,"787**, US","Hats > Men's Accessories > Clothing, Shoes & Accessories > Men",FIXED_PRICE,KTM
Motorcycle Mid Link Pipe Modified For Duke 125 250 390 RC390 2017 2018 2019 2020,55.41,https://www.ebay.com/itm/204093241351?fits=Make%3AKTM&_skw=KTM&hash=item2f84e7b807:g:rLcAAOSwfrhjIpVO,doneasily,New,"410**, US",Other Motorcycle & Scooter Parts & Accessories > eBay Motors > Parts & Accessories > Motorcycle & Scooter Parts & Accessories,"FIXED_PRICE,BEST_OFFER",KTM
KTM Genuine Shift Fork - 83034001000,63.92,https://www.ebay.com/itm/306882948549?_skw=KTM&hash=item4773a62dc5:g:cnAAAeSw6Ydp4AVg,motosportinc,New,"240**, US",Other Motorcycle & Scooter Parts & Accessories > eBay Motors > Parts & Accessories > Motorcycle & Scooter Parts & Accessories,FIXED_PRICE,KTM
for KTM 1050 1190 1290/ADV/RS heat shield body side protection guard side panel,128.59,https://www.ebay.com/itm/405982364474?_skw=KTM&hash=item5e866f433a:g:DSsAAOSw4rRoQWSR,kurewk,New,"******, CN","Other Heavy Equipment Parts & Accessories > Business & Industrial > Heavy Equipment Parts & Accessories > Heavy Equipment, Parts & Attachments",FIXED_PRICE,KTM
"Polisport APT Unbreakable Brake/Clutch Levers Kit – Fits KTM, Husqvarna, G",45.07,https://www.ebay.com/itm/336516378739?_skw=KTM&hash=item4e59f07073:g:6NEAAeSwUEtpz4QC,olabross,New,"M2J***, CA",Other Garage Door Equipment > Building & Hardware > Home & Garden > Home Improvement > Garage Doors & Openers,"FIXED_PRICE,BEST_OFFER",KTM
KTM 350 EXC-F 12-16 FORSETI STARTER SOLENOID RELAY ASSEMBLY,20.19,https://www.ebay.com/itm/305492088491?_skw=KTM&hash=item4720bf56ab:g:1m0AAOSwomdmDpJU,japbikespares,New,"4***, AU",Other Motorcycle & Scooter Parts & Accessories > eBay Motors > Parts & Accessories > Motorcycle & Scooter Parts & Accessories,"FIXED_PRICE,BEST_OFFER",KTM
"KTM Genuine Needle Roller Din5402 5X9,8 - 0402050980",2.04,https://www.ebay.com/itm/306901539565?_skw=KTM&hash=item4774c1daed:g:1hEAAeSwE2Fp7JEu,motosportinc,New,"240**, US",Other Motorcycle & Scooter Parts & Accessories > eBay Motors > Parts & Accessories > Motorcycle & Scooter Parts & Accessories,FIXED_PRICE,KTM
Moose Offroad Head Cover Gasket Head Cover Gasket - Gas Gas/Husqvarna/KTM,13.18,https://www.ebay.com/itm/358482693844?_skw=KTM&hash=item53773bced4:g:LFkAAeSwILhp647u,performancemotopartsorlando,New,"328**, US",Every Other Thing > Everything Else,FIXED_PRICE,KTM
💥Kingston 256MB FRU 40P6397 Laptop Memory RAM KTM-TP0028/256,7.97,https://www.ebay.com/itm/115605125900?_skw=KTM&hash=item1aea9a3b0c:g:Z9YAAOSwt0djdAXW,repairgig,Used,"900**, US",Memory (RAM) > Computers/Tablets & Networking > Computer Components & Parts,"FIXED_PRICE,BEST_OFFER",KTM
KTM Genuine Freewheel Gear 66 C Cpl. - 78940020033,119.95,https://www.ebay.com/itm/298181939323?_skw=KTM&hash=item456d07507b:g:iakAAeSwrzppzO3a,motosportinc,New,"240**, US",Other Motorcycle & Scooter Parts & Accessories > eBay Motors > Parts & Accessories > Motorcycle & Scooter Parts & Accessories,FIXED_PRICE,KTM
KTM Genuine Shape Disc Alu - 60405069000,4.09,https://www.ebay.com/itm/306882948525?_skw=KTM&hash=item4773a62dad:g:gNkAAeSwLqJp4AWn,motosportinc,New,"240**, US",Other Motorcycle & Scooter Parts & Accessories > eBay Motors > Parts & Accessories > Motorcycle & Scooter Parts & Accessories,FIXED_PRICE,KTM
RENTHAL Ultralight Rear Sprocket - 46 Tooth - Black - Gas Gas/Husqvarna/KTM,104.61,https://www.ebay.com/itm/358549990008?_skw=KTM&hash=item537b3eaa78:g:UFMAAeSwI-lqA98m,performancemotopartsorlando,New,"328**, US",Every Other Thing > Everything Else,FIXED_PRICE,KTM
Motorcycle rearview mirror For KTM 250 390 200 690 125 DUKE 990 SUPER R 790 1290,36.81,https://www.ebay.com/itm/376029724935?_skw=KTM&hash=item578d1e4107:g:SgsAAOSwm8xnEF-N,newfeel,New,"*****, CN",Hubs > Sporting Goods > Cycling > Bicycle Components & Parts,"FIXED_PRICE,BEST_OFFER",KTM
"KTM Genuine Intermediate Disc 1,2Mm - 78932010000",12.35,https://www.ebay.com/itm/298255586744?_skw=KTM&hash=item45716b15b8:g:dPoAAeSwcSpp~RQ-,motosportinc,New,"240**, US",Other Motorcycle & Scooter Parts & Accessories > eBay Motors > Parts & Accessories > Motorcycle & Scooter Parts & Accessories,FIXED_PRICE,KTM
 Oil Filter 77338005100 For KTM/HUSQVARNA SX SXF EXC XCW FE FC 250-530,1.78,https://www.ebay.com/itm/397953802631?_skw=KTM&hash=item5ca7e52187:g:DEMAAeSwyWlqB9GX,lame7863,New,"******, CN","Filters > Business & Industrial > Heavy Equipment Parts & Accessories > Heavy Equipment, Parts & Attachments",FIXED_PRICE,KTM
KTM Racing T Shirt New S-5XL 2025 Off-road and street motorcycles Racing Tee,18.98,https://www.ebay.com/itm/365827854209?_skw=KTM&hash=item552d0a0f81:g:1l0AAeSwoZVor9Lv,lamwcc13,New with tags,"900**, US","T-Shirts > Men's Clothing > Clothing, Shoes & Accessories > Shirts > Men",FIXED_PRICE,KTM
260MM 220MM Front Rear Brake Disc Rotor 2PCS Compatible with KTM 125 250 350,86.45,https://www.ebay.com/itm/188340264015?_skw=KTM&hash=item2bd9f45c4f:g:LGAAAeSw2Cpp8jkP,premiumfindsusa,New,US,Automotive > Toys & Hobbies > Models & Kits,FIXED_PRICE,KTM
Motorcycle Handlebar Mounts Clamp Riser Aluminum Compatible with KTM Silver,35.63,https://www.ebay.com/itm/318326116202?_skw=KTM&hash=item4a1db70f6a:g:6bwAAeSwtppqDCoQ,jashu-7050,New,"331**, US",Handlebars > Sporting Goods > Cycling > Bicycle Components & Parts,FIXED_PRICE,KTM
CNC for KTM 125 250 300 350 400 450 500 EXC EXCF XC XCF XCW SX SXF TPI Sixdays 2,21.81,https://www.ebay.com/itm/388393636050?_skw=KTM&hash=item5a6e1090d2:g:locAAOSwx9pnCDSd,nexshop_gb0,New,"314**, US",Parts & Accessories > Sporting Goods > Scooters > Outdoor Sports,FIXED_PRICE,KTM
HOT Men Red Bull KTM Factory Racing Print Polo Shirt S-5XL,24.99,https://www.ebay.com/itm/137347377925?_skw=KTM&hash=item1ffa8aab05:g:JCcAAeSw6wJqFakP,marna_mor407,New with tags,"475**, US","Polos > Men's Clothing > Clothing, Shoes & Accessories > Shirts > Men",FIXED_PRICE,KTM
KTM Genuine Clutch Cover Gasket Outside - 55430027000,13.80,https://www.ebay.com/itm/306903098276?_skw=KTM&hash=item4774d9a3a4:g:JtIAAeSwcnFp7eZS,motosportinc,New,"240**, US",Other Motorcycle & Scooter Parts & Accessories > eBay Motors > Parts & Accessories > Motorcycle & Scooter Parts & Accessories,FIXED_PRICE,KTM
 Bottom End Kit For KTM 300 XC-W 2008-2014 CBK0011 ,347.07,https://www.ebay.com/itm/236389578877?_skw=KTM&hash=item3709eab87d:g:924AAeSwGP9o7pZS,daniehab-0,New,"331**, US","Bread Machines > Home & Garden > Kitchen, Dining & Bar > Small Kitchen Appliances",FIXED_PRICE,KTM
NOS OEM GENUINE ORIGINAL KTM LOCK ON GRIP SET ORANGE P/N A46002921500EB NEW,9.99,https://www.ebay.com/itm/376644152613?_skw=KTM&hash=item57b1bdad25:g:wZcAAeSwx69o-lf2,3rosesofwood,New,"444**, US",Other Motorcycle & Scooter Parts & Accessories > eBay Motors > Parts & Accessories > Motorcycle & Scooter Parts & Accessories,FIXED_PRICE,KTM
Factory Pivot Brake Clutch Levers Adjustable for KTM 2014-2024 - Replaces Black,92.96,https://www.ebay.com/itm/397973280252?_skw=KTM&hash=item5ca90e55fc:g:ki0AAeSwKuRqDuWt,abdellaha-61,New,"331**, US",Grommet Tools/Setters > Crafts > Leathercrafts > Leathercraft Tools,FIXED_PRICE,KTM
Teket Magnet swingarm protectors Ktm Sx 125 / 250 / 350 / 450 2025 black,87.14,https://www.ebay.com/itm/137396192511?_skw=KTM&hash=item1ffd7384ff:g:aYgAAeSwnelqKB6Y,crosshop,New,IT,Other Motorcycle & Scooter Parts & Accessories > eBay Motors > Parts & Accessories > Motorcycle & Scooter Parts & Accessories,FIXED_PRICE,KTM
Magneto Flywheel Puller Tool (24mm&27mm) for Kawasaki Honda Yamaha KTM...,12.99,https://www.ebay.com/itm/298185166269?_skw=KTM&hash=item456d388dbd:g:0VQAAeSwaMJpzi61,armoll36,New,AR,Parts & Accessories > Sporting Goods > Scooters > Outdoor Sports,FIXED_PRICE,KTM
KTM SX 65 Rear Wheel Bearings  2000 - 2016,10.31,https://www.ebay.com/itm/336285751499?_skw=KTM&hash=item4e4c3158cb:g:ol0AAOSwOjtfUizF,twsrmotorsport,New,GB,Other Material Handling > Business & Industrial > Material Handling,FIXED_PRICE,KTM
Swingarm KTM 525SX 525 graphics kit Sticker Tank Pair Decal,13.46,https://www.ebay.com/itm/296444246378?_skw=KTM&hash=item450574396a:g:9NMAAOSwjiRmSfHh,peelthelove,New,"606**, US","Decals, Stickers & Vinyl Art > Home Décor > Home & Garden",FIXED_PRICE,KTM
KTM Genuine Spacer Bushing Guide Rail 05 - 77036004050,6.30,https://www.ebay.com/itm/306881822770?_skw=KTM&hash=item4773950032:g:yY8AAeSwS-xp32Js,motosportinc,New,"240**, US",Other Motorcycle & Scooter Parts & Accessories > eBay Motors > Parts & Accessories > Motorcycle & Scooter Parts & Accessories,FIXED_PRICE,KTM
IHCM 1/64 Scale KTM X-Bow GT-XR Racing Sports Diecast Alloy Model Car Gifts Toy,69.99,https://www.ebay.com/itm/267634144122?_skw=KTM&hash=item3e503cf37a:g:yMkAAeSwKuhp19vC,luckystar16888,New,CN,"Contemporary Manufacture > Toys & Hobbies > Diecast & Toy Vehicles > Cars, Trucks & Vans",FIXED_PRICE,KTM
1pcs KTM-WP11181P sick brand new ones New quality assurance 100% Brand new ones,76.32,https://www.ebay.com/itm/287165819300?_skw=KTM&hash=item42dc6aa9a4:g:vp4AAeSwmG1poAMs,11a51931_31,New,"******, CN",PLC Processors > Business & Industrial > Industrial Automation & Motion Controls > PLCs & HMIs,"FIXED_PRICE,BEST_OFFER",KTM
KTM Genuine Valve Spring Holder Exhaust - 78036136000,6.30,https://www.ebay.com/itm/298230444900?_skw=KTM&hash=item456feb7364:g:8C4AAeSwrHRp4Akc,motosportinc,New,"240**, US",Other Motorcycle & Scooter Parts & Accessories > eBay Motors > Parts & Accessories > Motorcycle & Scooter Parts & Accessories,FIXED_PRICE,KTM
KTM 690 SMC 2012-2025 CRASH MUSHROOMS FRAME SLIDERS PROTECTORS BOBBINS KNOB R8A3,69.35,https://www.ebay.com/itm/264654016917?_skw=KTM&hash=item3d9e9bd195:g:N8cAAOSwY5Ra4ew-,jaybeebikerbits,New,"HD6***, GB",Other Motorcycle & Scooter Parts & Accessories > Frame & Crash Protection > Motorcycle & Scooter Parts & Accessories > Vehicle Parts & Accessories > Guards & Protection,FIXED_PRICE,KTM
KTM Genuine Joint Head Cmp6 - 54813055100,20.41,https://www.ebay.com/itm/306903084160?fits=Make%3AKTM&_skw=KTM&hash=item4774d96c80:g:nBcAAeSwqZVp7eQV,motosportinc,New,"240**, US",Other Motorcycle & Scooter Parts & Accessories > eBay Motors > Parts & Accessories > Motorcycle & Scooter Parts & Accessories,FIXED_PRICE,KTM
Brand New KTM Hoodie Motorcycle Pullover 3D Digital Printing Men's Fashion,30.99,https://www.ebay.com/itm/366363797673?_skw=KTM&hash=item554cfbe8a9:g:1nQAAeSwI-lp6YHw,makoyg_37,New with tags,PH,"Hoodies & Sweatshirts > Men's Clothing > Clothing, Shoes & Accessories > Activewear > Men",FIXED_PRICE,KTM
Complete Top & Bottom End Gasket Set Fits KTM 250 SX EXC 2T 2007-2016,28.60,https://www.ebay.com/itm/137159218310?_skw=KTM&hash=item1fef539486:g:Y48AAeSwZZho-ssv,abestseller2025,New,CN,"Seals, O-Rings & Gaskets > Business & Industrial > Industrial Automation & Motion Controls > Mechanical Power Transmission",FIXED_PRICE,KTM
KTM  EXC 2008 2009 2010 2011 ALL MODELS  plantilla vector  a escala real 1:1,11.99,https://www.ebay.com/itm/365251200646?_skw=KTM&hash=item550aab0686:g:pCAAAOSwaWdl7g8P,zonebikerlrp,,AR,Internet Businesses & Websites > Websites & Businesses for Sale > Business & Industrial,"FIXED_PRICE,BEST_OFFER",KTM
KTM-10 Sylvania Joslyn Clark Auxiliary Contact KTM10,29.99,https://www.ebay.com/itm/285930690211?_skw=KTM&hash=item4292cc16a3:g:DSYAAOSwIOVmfZso,gallowayindustrialsupplyco,Used,"471**, US",Contactor Accessories > Business & Industrial > Electrical Equipment & Supplies > Contactors,"FIXED_PRICE,BEST_OFFER",KTM
Rear Sprocket Locking Nut x 2 (Stainless Steel) fits KTM 690 Supermoto R 2008 ,4.67,https://www.ebay.com/itm/144284864901?_skw=KTM&hash=item21980c5185:g:OgwAAMXQxzZRffav,sweetie-212,New,"HU9***, GB",Other Motorcycle & Scooter Parts & Accessories > Motorcycle & Scooter Parts & Accessories > Vehicle Parts & Accessories,FIXED_PRICE,KTM
✅ 2023 HUSQVARNA TC85 CDI HARNESS COIL 🏁 47239031100 MC SX TC 85 85SX  290 ✅,110.00,https://www.ebay.com/itm/168444249754?fits=Make%3AKTM&_skw=KTM&hash=item27380f469a:g:sfcAAeSwbjZpCCNv,mototech_motorcycle_recycle,Used,"675**, US",Other Motorcycle & Scooter Parts & Accessories > eBay Motors > Parts & Accessories > Motorcycle & Scooter Parts & Accessories,FIXED_PRICE,KTM
Motorcycle 6 Pin Euro5 OBD Adapter KTM Piaggio Vespa ECU Diagnostic Plug Cable,13.90,https://www.ebay.com/itm/366164149468?_skw=KTM&hash=item55411584dc:g:8W0AAeSwDXtpfa6c,usa_saver_depot,New,US,Barcode Scanners > Retail & Services > Business & Industrial > Point of Sale & Money Handling,FIXED_PRICE,KTM
KTM Silver Laser Engraved Aluminum vanity plate,17.09,https://www.ebay.com/itm/336601918249?_skw=KTM&hash=item4e5f09ab29:g:m6sAAeSwdJBqFPoI,signwerkstudio,New,"982**, US",Signs > Collectibles > Transportation,FIXED_PRICE,KTM
Complete Engine Gasket Set Kit FOR KTM 250 SX EXC 2-Stroke (2007-2016),29.50,https://www.ebay.com/itm/389136072833?_skw=KTM&hash=item5a9a514081:g:hJUAAeSweSJo-sst,topendgasket,New,CN,"Seals, O-Rings & Gaskets > Business & Industrial > Industrial Automation & Motion Controls > Mechanical Power Transmission",FIXED_PRICE,KTM
KTM 450 500 exc 690 990 1190 Duke Adv SM FALL SENSOR 61041088000 Rollover Sensor,35.00,https://www.ebay.com/itm/205026126008?_skw=KTM&hash=item2fbc8268b8:g:trwAAOSwlF9mGqN9,seller8889,Used,UA,Other Motorcycle & Scooter Parts & Accessories > eBay Motors > Parts & Accessories > Motorcycle & Scooter Parts & Accessories,FIXED_PRICE,KTM
✅ 2018-2024 KTM 85SX  FMF  SHORTY  SILENCER 🏁 MUFFLER EXHAUST PIPE TC85 31422 ✅,166.25,https://www.ebay.com/itm/168440911768?fits=Make%3AKTM&_skw=KTM&hash=item2737dc5798:g:aLsAAeSwRohp2B1P,mototech_motorcycle_recycle,Used,"675**, US",Other Motorcycle & Scooter Parts & Accessories > eBay Motors > Parts & Accessories > Motorcycle & Scooter Parts & Accessories,FIXED_PRICE,KTM
New All-In-One Engine Gasket Assembly KTM 250 SXF 2005-2012,36.50,https://www.ebay.com/itm/137168468967?_skw=KTM&hash=item1fefe0bbe7:g:Dy4AAeSweR9piotq,abestseller2025,New,CN,"Seals, O-Rings & Gaskets > Business & Industrial > Industrial Automation & Motion Controls > Mechanical Power Transmission",FIXED_PRICE,KTM
Blank Key For KTM 790 890 EX 250 990 1090 New Model,21.12,https://www.ebay.com/itm/315034837593?_skw=KTM&hash=item49598a2259:g:wv0AAOSwtatlfYAi,acekey,Brand New,"2***, AU",Other Motorcycle & Scooter Parts & Accessories > Motorcycle & Scooter Parts & Accessories > Vehicle Parts & Accessories,FIXED_PRICE,KTM
KTM Factory Tool Box Pen Holder Garage Desk Organizer Man Cave Decor Gift,25.00,https://www.ebay.com/itm/157305991576?_skw=KTM&hash=item24a02af198:g:Im8AAeSwK7FovvAF,titanmotoprops,New,"015**, US",Desk & Drawer Organizers > Business & Industrial > Office > Desk Accessories > Office Supplies,FIXED_PRICE,KTM
Racing Master Cylinder Rebuild Kit Compatible with/Replacement For Husaberg F...,49.01,https://www.ebay.com/itm/800042885115?_skw=KTM&hash=itemba46459ffb:g:JRAAAeSwur5qDUP3,haroowarriac-0,New,"222**, US","Guides, Catalogs > Collectibles > Tools > Tools, Hardware & Locks",FIXED_PRICE,KTM
NOS KTM 85SX 105SX 85XC 105XC OEM QTY2 Exhaust O-Ring Genuine 0770380030,9.99,https://www.ebay.com/itm/194882550164?_skw=KTM&hash=item2d5fe7b994:g:QRcAAOSwS0liHjr1,austincyclesupply,New,"787**, US",Other Motorcycle & Scooter Parts & Accessories > eBay Motors > Parts & Accessories > Motorcycle & Scooter Parts & Accessories,FIXED_PRICE,KTM
"KTM VARIABLE ONE-EAR CLAMP 14,0MM 00050140706",3.88,https://www.ebay.com/itm/177751148366?_skw=KTM&hash=item2962cb474e:g:62IAAOSwTmlmOVld,tuffins_store,New,"CH8***, GB",Other Motorcycle & Scooter Parts & Accessories > Motorcycle & Scooter Parts & Accessories > Vehicle Parts & Accessories,FIXED_PRICE,KTM
"KTM 1290 Super Duke R 2017-2019 Motorcycle Coffee Mug 11OZ, Bikers Gift",15.99,https://www.ebay.com/itm/276573635976?_skw=KTM&hash=item406512c588:g:0oQAAOSwWaVmqTlP,motoanimals,New,"337**, US","Mugs > Home & Garden > Kitchen, Dining & Bar > Dinnerware & Serveware",FIXED_PRICE,KTM
✅ 2018-2024 KTM 85SX  SCALVINI  FULL  EXHAUST  🏁 PIPE MUFFLER SILENCER  31439 ✅,380.00,https://www.ebay.com/itm/168440911753?fits=Make%3AKTM&_skw=KTM&hash=item2737dc5789:g:pDgAAeSwDWtp2VH0,mototech_motorcycle_recycle,Used,"675**, US",Other Motorcycle & Scooter Parts & Accessories > eBay Motors > Parts & Accessories > Motorcycle & Scooter Parts & Accessories,FIXED_PRICE,KTM
NOS OEM KTM Air Filter 98-23 65 SX 400/640 LC4 58406015100,39.99,https://www.ebay.com/itm/204307814821?_skw=KTM&hash=item2f91b1d9a5:g:1p8AAOSwvapkPZin,worldwidecycles,New,"786**, US",Other Motorcycle & Scooter Parts & Accessories > eBay Motors > Parts & Accessories > Motorcycle & Scooter Parts & Accessories,FIXED_PRICE,KTM
"Ktm sx  husqvarna tc 85, GAS GAS 85 Riser Kit, jack up kit ,lift kit   GWIZ MX",600.30,https://www.ebay.com/itm/176274586078?_skw=KTM&hash=item290ac8b9de:g:kskAAOSwAgharTMe,gwiz.mx,New,"BS39***, GB",Other Motorcycle & Scooter Parts & Accessories > Motorcycle & Scooter Parts & Accessories > Vehicle Parts & Accessories,"FIXED_PRICE,BEST_OFFER",KTM
LINKAGE BEARING KIT 350XC-F 2012 KTM 350 XC F,113.39,https://www.ebay.com/itm/122665642874?_skw=KTM&hash=item1c8f712b7a:g:EYgAAOxy1klRaalq,ppe-2008,New,"BB1***, GB",Other Motorcycle & Scooter Parts & Accessories > Motorcycle & Scooter Parts & Accessories > Vehicle Parts & Accessories,FIXED_PRICE,KTM
Plessinger #7 KTM LED Wall Sign – Motocross Number Plate Light – MX decor,40.00,https://www.ebay.com/itm/157231845670?_skw=KTM&hash=item249bbf9126:g:qjQAAeSwiNNol510,titanmotoprops,New,"015**, US","Other Collectible Lighting > Collectibles > Lamps, Lighting",FIXED_PRICE,KTM
Rear Sprocket Locking Nut x 2 (Stainless Steel) fits KTM 250 EGS 1994 ,4.67,https://www.ebay.com/itm/133930239985?_skw=KTM&hash=item1f2edd47f1:g:OgwAAMXQxzZRffav,sweetie-212,New,"HU9***, GB",Other Motorcycle & Scooter Parts & Accessories > Motorcycle & Scooter Parts & Accessories > Vehicle Parts & Accessories,FIXED_PRICE,KTM
Digital Speed Sensor Cable For KTM HUSQ GASGAS EXC XCW Freeride FE TE EC OEM,8.40,https://www.ebay.com/itm/397946547224?_skw=KTM&hash=item5ca7766c18:g:piIAAeSwXf5qBXQy,lame7863,New,"******, CN",Other Sensors > Business & Industrial > Industrial Automation & Motion Controls > Sensors,"FIXED_PRICE,BEST_OFFER",KTM
Genuine OEM KTM Left Airbox Lid Cover 2019-2023 125-500 79106003000EB,34.99,https://www.ebay.com/itm/226482889937?_skw=KTM&hash=item34bb6ea4d1:g:lyUAAOSwjFVnUjqV,eastbaymotorsports,New,"945**, US",Other Motorcycle & Scooter Parts & Accessories > eBay Motors > Parts & Accessories > Motorcycle & Scooter Parts & Accessories,"FIXED_PRICE,BEST_OFFER",KTM
adidas men Puremotion Shorts,20.00,https://www.ebay.com/itm/157869477178?_skw=KTM&hash=item24c1c10d3a:g:ioEAAeSw~9Bp8cW1&amdata=enc%3AAQALAAAA4ACCtXRWQnOEpyOqnQQ8KGaErscSSseC63eFWFKPdDhpaGK11NDsOjk23OufNpvD3SahwxhhTVsk12gr8%2BHCoIQFmMhglubGM58f0yTSiIBVnnc9Ykr6VG%2B0NwshkQtVn2cIvS%2BrTPA8jsU2%2Btmpj4gYmoYrJ4Z9vcHyIpqbSJFu1lGPhb5o9oDEmmTF4BU7sQZObFMgTEmjJs8bf%2FXWOQb2Ppv2%2FixTYtp4G8bWrPy42VTOFQi2Dxg7vUVeDR2bzKNmhsdl46eEWFMdXPF5FUzIAjyF8P%2BITgTEuPzWfUG%2B,adidas_official,New with tags,"293**, US","Pants & Shorts > Clothing, Shoes & Accessories > Dancewear > Adult Dancewear > Specialty",FIXED_PRICE,KTM
Motorcycle CNC Odometer Speedometer Cover For KTM Husqvarna 150-500cc Parts,26.23,https://www.ebay.com/itm/358031805456?_skw=KTM&hash=item535c5bcc10:g:ELcAAeSwIARpROdL&amdata=enc%3AAQALAAAA4ACCtXRWQnOEpyOqnQQ8KGYO%2BFYufOKauBDV1IJWFq72bngeCuPajpvLm1ZLQ5mJ5D3bi21nUSW8eS%2F3J0aLpD6rwKUw4WpPJdjOYvHKuAHMCUAYHyTHTRlv%2FogYxDNUvK7Gbkx6t2uVIcyxgFDZfWzUW0wjCTQbhHHLCxZf1FB9IrWANY0gopg1BfGhfWlt4yWqX6hCI2Fitm0IWgcLoH7Q2%2BDOHBN7ho%2FIR2BxnqwzsYR5%2FMFPKM1G%2B5rS%2Bj1ggVfOF0i8bF9YcmxG2UCMTr%2FV%2BiOHXx7hUih8eoX68u4B,powermotor-enduro,New,CN,Parts & Accessories > Sporting Goods > Scooters > Outdoor Sports,FIXED_PRICE,KTM
